{"0": {"image_path": "C:\\Users\\prateek\\python_project\\cv\\student_engagement\\new_model\\saving\\image_406.0282418727875.jpg", "percentage": [18.45176, 13.170952, 2.2144365, 60.297424, 4.416424, 3.4898167]}, "average": [0.18082723945379256, 0.1290753435343504, 0.021701477429596706, 0.5909147888422013, 0.043280946157174184, 0.03420020541991107]}